ts,open,high,low,close,volume
2025-12-07 22:00:00,90260.595,90264.74,89024.727,89611.15,0.011942008
2025-12-07 23:00:00,89606.2,90504.99,89527.4115,90397.4175,0.001420302
2025-12-08 00:00:00,90413.6725,90620.6095,89866.6515,90359.255,0.013679274
2025-12-08 01:00:00,90379.0475,91787.4,90324.435,90936.392,0.009140786
2025-12-08 02:00:00,90910.235,91476.34,90810.425,91372.555,0.005866706
2025-12-08 03:00:00,91380.709,91444.164,90925.4,91062.625,0.016546503
2025-12-08 04:00:00,91095.18,91538.711,91018.1,91292.387,0.017023274
2025-12-08 05:00:00,91308.746,91490.227,91031.974,91330.684,0.017508452
2025-12-08 06:00:00,91351.874,91684.34,91235.95,91463.043,0.003377391
2025-12-08 07:00:00,91500.404,91916.002,91356.778,91595.6,0.010570492
2025-12-08 08:00:00,91559.558,91966.762,91492.4175,91836.825,0.180176472
2025-12-08 09:00:00,91830.424,92306.181,91801.1,91931.1565,0.10439999
2025-12-08 10:00:00,91912.6755,92298.13,91803.6,92146.8,0.031128312
2025-12-08 11:00:00,92149.925,92263.573,91830.811,91979.43,0.015929805
2025-12-08 12:00:00,91987.445,92011.2165,91681.85,91790.545,0.040379665
2025-12-08 13:00:00,91782.0,92242.21,91334.766,91441.794,0.175463367
2025-12-08 14:00:00,91472.7005,91760.789,89544.4145320195,90839.295,0.025494551
2025-12-08 15:00:00,90835.649,91558.1005726285,89614.552,89968.4845,0.0204284
2025-12-08 16:00:00,89966.88,91558.1005726285,89673.2555,89968.5,0.127683023
2025-12-08 17:00:00,89974.772,90370.95,89692.422,90267.295,0.035367014
2025-12-08 18:00:00,90263.3275,91558.1005726285,89723.4325,89929.01,0.008121067
2025-12-08 19:00:00,89914.158,90387.877,89814.152,90125.0,0.031186793
2025-12-08 20:00:00,90140.6035,90950.31,90055.955,90814.353,0.377331514
2025-12-08 21:00:00,90804.8165,91425.0,90669.12,91320.9,0.002798909
2025-12-08 22:00:00,91330.66,91392.8,90731.061,90866.145,0.005890972
2025-12-08 23:00:00,90868.135,91049.766,90497.195,90638.6,0.003201077
2025-12-09 00:00:00,90628.67,90888.485,90345.546,90386.305,0.022897326
2025-12-09 01:00:00,90397.645,90607.039,89964.6,90055.25,0.002005125
2025-12-09 02:00:00,90070.23,90396.2505,89978.0,90090.249,0.003233012
2025-12-09 03:00:00,90070.1535,92022.382098309,89803.85,90418.4675,0.004283997
2025-12-09 04:00:00,90414.625,90558.3,89724.55,89956.016,0.149121238
2025-12-09 05:00:00,89928.893,90240.925,89548.042,89911.163,0.034796106
2025-12-09 06:00:00,89914.05,90268.0755,89750.73,90166.6985,0.012682619
2025-12-09 07:00:00,90180.4575,90578.3455,90061.75,90502.254,0.01446214
2025-12-09 08:00:00,90496.8965,90634.37,90355.045,90520.25,0.008479188
2025-12-09 09:00:00,90516.543,90516.787,90124.358,90124.358,0.001277877
2025-12-09 10:00:00,90145.29,90365.78,89928.7835,90290.4155,0.016518315
2025-12-09 11:00:00,90316.37,90423.9615,90127.174,90387.0665,0.004102362
2025-12-09 12:00:00,90398.845,90713.345,90305.235,90570.556,0.004301998
2025-12-09 13:00:00,90580.8705,90880.065,90177.945,90444.9,0.015209597
2025-12-09 14:00:00,90437.575,92099.9724938105,90002.705,90341.71,0.029181951
2025-12-09 15:00:00,90357.28,92909.7065,90270.22,92728.15,0.090082093
2025-12-09 16:00:00,92719.865,94520.44,90426.6112625665,94231.45,0.172686272
2025-12-09 17:00:00,94185.015,94646.745,90757.7864735265,93940.408,0.501832816
2025-12-09 18:00:00,93940.7195,94236.865,93663.561,93963.8555,2.206117615
2025-12-09 19:00:00,93930.9,94245.275,93653.2435,93837.8835,0.016283089
2025-12-09 20:00:00,93829.196,93878.78,92765.8785,93130.05,0.099671306
2025-12-09 21:00:00,93162.09,93273.2195,92256.9095,92661.883,0.007438573
2025-12-09 22:00:00,92647.18,93066.1755,92490.725,92903.4355,0.002462447
2025-12-09 23:00:00,92888.055,93031.4535,92546.1,92681.575,0.00321541
2025-12-10 00:00:00,92690.785,92799.0545,92087.043,92124.575,0.009093455
2025-12-10 01:00:00,92169.227,92436.9,91973.095,92362.987,0.006086065
2025-12-10 02:00:00,92322.812,92614.25,92026.3,92523.56,0.00687916
2025-12-10 03:00:00,92544.4335,92583.9,92339.8075,92417.281,0.004899213
2025-12-10 04:00:00,92454.735,92696.3,92380.647,92585.929,0.013907357
2025-12-10 05:00:00,92577.08,92781.4,92521.135,92560.18,0.02676212
2025-12-10 06:00:00,92553.875,92788.8235,92402.2145,92724.285,0.005941477
2025-12-10 07:00:00,92694.482,92818.347,92485.7275,92818.347,0.013559753
2025-12-10 08:00:00,92804.76,92837.12,92541.7685,92629.277,0.156339487
2025-12-10 09:00:00,92631.58,92983.265,92439.2715,92955.715,0.037640085
2025-12-10 10:00:00,92909.15,93254.0135,92134.95,92268.4035,0.023840835
2025-12-10 11:00:00,92237.29,92469.1825,91766.33,92134.205,0.005715327
2025-12-10 12:00:00,92132.0695,92247.71,91820.735,91982.275,0.057047454
2025-12-10 13:00:00,91992.53,92851.63760601,91943.91,92116.697,0.184507925
2025-12-10 14:00:00,92128.098,92145.085,91600.45,91832.13,0.034856447
2025-12-10 15:00:00,91843.845,92182.6,91572.9545,92076.078,1.865482131
2025-12-10 16:00:00,92104.12,92615.55,91897.125,92209.988,0.037341119
2025-12-10 17:00:00,92192.29,92539.806,92085.3075,92401.735,0.13915925
2025-12-10 18:00:00,92392.456,93061.992,91992.9345,92504.9045,0.359794276
2025-12-10 19:00:00,92518.8785,93253.842,91260.47276975,93006.6665,0.044750273
2025-12-10 20:00:00,92983.565,94524.78,91577.1927938395,92500.53,0.561656947
2025-12-10 21:00:00,92508.395,93105.444712609,91892.7345,92399.5615,0.005843703
2025-12-10 22:00:00,92398.5055,93105.444712609,91982.773,92519.4,1.685615608
2025-12-10 23:00:00,92520.673,92642.65,91949.1,92029.619,0.001396922
2025-12-11 00:00:00,92025.24,92130.9625,91058.38,91411.215,0.002963092
2025-12-11 01:00:00,91393.4595,91445.45,90666.835,90703.4,0.029083896
2025-12-11 02:00:00,90694.079,90708.8665,89883.935,90088.507,0.019742461
2025-12-11 03:00:00,90096.015,92099.9724938105,89431.388,89883.488,0.056578046
2025-12-11 04:00:00,89917.617,90522.865,89700.034,90408.455,0.023099462
2025-12-11 05:00:00,90450.29,90468.408,90082.5695,90339.8555,0.017771576
2025-12-11 06:00:00,90331.9,90484.5315,89970.615,90321.415,0.004888439
2025-12-11 07:00:00,90297.737,90384.0915,90094.3205,90280.845,0.0035
2025-12-11 08:00:00,90258.6735,90302.234,89976.1265,90248.6735,0.073226346
2025-12-11 09:00:00,90223.7325,90550.0545,90140.055,90240.514,0.00035279
2025-12-11 10:00:00,90274.1165,90407.065,90171.1295,90328.69,0.021993564
2025-12-11 11:00:00,90335.6115,90451.05,90207.8,90253.7645,0.002553826
2025-12-11 12:00:00,90257.692,90421.95,90005.8,90017.85,0.002904436
2025-12-11 13:00:00,90054.804,90188.055,89872.4885,90101.775,0.024214812
2025-12-11 14:00:00,90111.3,92099.9724938105,89262.146,89557.5365,0.029769311
2025-12-11 15:00:00,89568.9,90673.984,89408.9155,89911.32,0.034188028
2025-12-11 16:00:00,89874.925,92099.9724938105,89344.25,89746.2235,0.012981718
2025-12-11 17:00:00,89754.505,90293.19,89631.75,90009.6155,0.515033133
2025-12-11 18:00:00,89965.783,91222.1315,89894.609,90729.82,0.022163225
2025-12-11 19:00:00,90738.474,92099.9724938105,90603.184,90842.985,0.007258004
2025-12-11 20:00:00,90847.854,91881.095,90805.6525,91789.645,0.037037591
2025-12-11 21:00:00,91798.3555,93616.2325,91707.945,92909.3125,0.583123532
2025-12-11 22:00:00,92886.01,93227.59,92098.99,92369.8525,0.002283708
2025-12-11 23:00:00,92384.938,92844.6575,92355.6915,92550.4265,0.002504579
2025-12-12 00:00:00,92536.26,92708.0185,91469.0595,91581.652,0.008779459
2025-12-12 01:00:00,91618.9395,92370.45,91550.06,92185.165,0.018129603
2025-12-12 02:00:00,92184.475,92772.265,91946.79,92610.1175,0.003811672
2025-12-12 03:00:00,92648.4215,92789.045,92170.4,92298.7525,0.145756177
2025-12-12 04:00:00,92287.915,92504.7795,92118.6725,92402.814,0.00787448
2025-12-12 05:00:00,92403.55,92532.75,92077.8955,92461.356,0.558694723
2025-12-12 06:00:00,92453.357,92771.5095,92398.1,92484.451,0.623340178
2025-12-12 07:00:00,92513.757,92674.49,92270.6085,92445.865,0.05667404
2025-12-12 08:00:00,92427.25,92509.535,92120.2,92358.525,0.001504848
2025-12-12 09:00:00,92365.065,92594.845,92083.3565,92535.2275,0.499558757
2025-12-12 10:00:00,92548.56,92659.0465,92405.852,92524.5915,0.012820049
2025-12-12 11:00:00,92488.2,92508.3375,92294.17,92475.27,0.007333605
2025-12-12 12:00:00,92430.8595,92466.7505,92090.291,92427.131,0.009844692
2025-12-12 13:00:00,92436.54,92546.6825,92236.2385,92331.7575,0.012947189
2025-12-12 14:00:00,92291.02,93194.53890625,91900.5505,92465.822,0.072006259
2025-12-12 15:00:00,92464.6835,92475.04126,89779.4265,89936.761,0.020884344
2025-12-12 16:00:00,89930.2435,91592.3582806125,89486.915,90075.35,0.134149414
2025-12-12 17:00:00,90074.502,91458.8964532015,89838.43,90121.0405,0.002859692
2025-12-12 18:00:00,90127.55,90693.8765,89054.1514532015,90392.365,0.101380226
2025-12-12 19:00:00,90387.603,90432.4,90017.877,90199.7,0.011686158
2025-12-12 20:00:00,90222.145,90372.69,89897.66,90205.414,0.025316358
2025-12-12 21:00:00,90229.7045,90372.49,90113.01,90200.55,0.005664901
2025-12-12 22:00:00,90203.0385,90424.3325,90176.91,90364.15,0.031649354
2025-12-12 23:00:00,90377.21,90455.2,90232.477,90276.6635,0.01334073
2025-12-13 00:00:00,90255.53,90453.787,90196.796,90345.095,0.003610857
2025-12-13 01:00:00,90336.345,90411.4,90065.8,90232.5675,0.011686478
2025-12-13 02:00:00,90225.9105,90358.7,90186.01,90233.3765,0.003038739
2025-12-13 03:00:00,90236.8,90509.67,90201.495,90358.715,0.004826412
2025-12-13 04:00:00,90344.715,90483.158,90254.894,90373.06,0.006647848
2025-12-13 05:00:00,90374.535,90442.311,90266.2655,90348.625,0.011406825
2025-12-13 06:00:00,90345.1065,90437.3,90227.5,90348.4555,0.463089596
2025-12-13 07:00:00,90378.8095,90472.21,90290.385,90363.0075,0.012491492
2025-12-13 08:00:00,90381.3575,90596.49,90347.015,90467.188,0.003746571
2025-12-13 09:00:00,90470.465,90539.3365,90359.489,90434.1415,0.002108
2025-12-13 10:00:00,90431.515,90663.025,90427.6625,90619.065,0.009190705
2025-12-13 11:00:00,90629.827,90670.554,90295.49,90368.115,0.056317862
2025-12-13 12:00:00,90380.7825,90534.054,90285.949,90377.38,0.000959702
2025-12-13 13:00:00,90386.5945,90484.85,90212.25,90266.84,0.001423858
2025-12-13 14:00:00,90281.65,91458.8964532015,90264.9945,91458.8964532015,0.000158565
2025-12-13 15:00:00,90108.2605,91458.8964532015,90083.625,90102.8795,0.0
2025-12-13 16:00:00,90101.8555,90301.8,90018.1,90107.815,0.008748964
2025-12-13 17:00:00,90089.585,90152.3,90000.44,90063.865,0.101242329
2025-12-13 18:00:00,90073.875,90236.4,90053.77,90149.8515,0.108938472
2025-12-13 19:00:00,90138.8115,90297.387,90110.48,90229.6475,0.002010757
2025-12-13 20:00:00,90221.435,90259.3,90055.62,90112.8155,0.057748373
2025-12-13 21:00:00,90116.25,90242.36,89771.253,90187.609,0.001055996
2025-12-13 22:00:00,90187.5065,90264.5915,90017.5,90144.498,0.00016784
2025-12-13 23:00:00,90154.233,90319.9,90057.515,90278.9165,0.001067945
2025-12-14 00:00:00,90323.263,90505.2,90145.92,90353.7655,0.001414
2025-12-14 01:00:00,90366.08,90511.4,90210.9525,90335.625,0.00036785
2025-12-14 02:00:00,90299.7595,90437.4,90233.51,90318.7055,0.000451144
2025-12-14 03:00:00,90308.755,90372.7,90237.8,90266.85,0.011871732
2025-12-14 04:00:00,90293.435,90409.567,90132.8865,90192.6455,0.014918158
2025-12-14 05:00:00,90207.1065,90283.699,90051.096,90213.6385,0.0492995
2025-12-14 06:00:00,90218.4445,90270.782,90105.209,90182.542,0.000446612
2025-12-14 07:00:00,90163.66,90309.195,90082.545,90244.9895,0.018849524
2025-12-14 08:00:00,90269.63,90311.51,90113.85,90114.184,0.032419728
2025-12-14 09:00:00,90127.85,90202.4,90015.1395,90046.37,0.005715625
2025-12-14 10:00:00,90039.294,90145.85,89789.482,89858.889,0.039805327
2025-12-14 11:00:00,89857.34,90535.8714532015,88769.2864532015,89396.63,0.113000608
2025-12-14 12:00:00,89362.36,89691.2395,89092.335,89452.666,0.063092068
2025-12-14 13:00:00,89437.5785,89533.02,89100.1625,89498.6,0.001291947
2025-12-14 14:00:00,89510.651,89612.5,88922.9553633004,89125.65,0.003054575
2025-12-14 15:00:00,89103.83,89197.295,88928.3053633004,89049.9105,0.008623878
2025-12-14 16:00:00,89062.985,89418.5695,88583.114285714,88848.66,0.237779648
2025-12-14 17:00:00,88853.653,89078.27,88628.761,88818.637,0.018144546
2025-12-14 18:00:00,88817.824,89094.665,88728.76,88999.415,0.088527017
2025-12-14 19:00:00,89004.705,89025.95,88495.97,88661.34,0.026537699
2025-12-14 20:00:00,88657.718,90240.3049507385,88334.6,88572.6425,0.033225999
2025-12-14 21:00:00,88572.1,88746.1675,88359.795,88456.7,0.002678201
2025-12-14 22:00:00,88463.4695,88633.9,88018.423,88417.0725,0.038336071
2025-12-14 23:00:00,88446.41,90018.6300738915,87631.6642237864,88171.12,0.008647199
2025-12-15 00:00:00,88158.28,89966.5532237864,88068.3865,88467.65,0.005657439
2025-12-15 01:00:00,88487.067,89368.1405,88431.5205,89273.8845,0.003956855
2025-12-15 02:00:00,89264.945,90056.583,89239.153,89361.749,0.057493064
2025-12-15 03:00:00,89331.95,89600.3,89196.64,89320.03,0.023638595
2025-12-15 04:00:00,89312.82,89773.09,89272.226,89665.195,0.019505019
2025-12-15 05:00:00,89698.355,89774.9,89487.141,89616.1695,0.143064665
2025-12-15 06:00:00,89633.334,89932.6245,89417.947,89748.06,0.037134903
2025-12-15 07:00:00,89734.81,89837.6795,89535.0,89754.785,0.005541084
2025-12-15 08:00:00,89761.75,89948.131,89643.6275,89790.5745,0.001182276
2025-12-15 09:00:00,89786.98,89998.005,89741.148,89870.11,0.008489823
2025-12-15 10:00:00,89883.222,90004.5,89722.0095,89858.8205,0.13750868
2025-12-15 11:00:00,89875.55,89930.75,89581.2355,89641.805,0.006415063
2025-12-15 12:00:00,89653.865,89800.516,89420.559,89716.85,0.056616042
2025-12-15 13:00:00,89712.8385,89751.054,89274.25,89447.65,0.006971573
2025-12-15 14:00:00,89416.112,90171.3394334975,87838.77,88037.76,0.082746471
2025-12-15 15:00:00,88013.4115,89966.5532237864,86606.0645,87011.1925,0.345207201
2025-12-15 16:00:00,87033.81,87252.2,86057.285,86359.528,0.358510529
2025-12-15 17:00:00,86378.259,86486.915,85576.12,85739.7605,0.204494337
2025-12-15 18:00:00,85732.56,86267.95,85165.65,86166.882,0.120390468
2025-12-15 19:00:00,86183.4775,86548.33,85851.335,86140.124,0.03916295
2025-12-15 20:00:00,86136.57,88651.635,85587.875,85769.998,0.172292783
2025-12-15 21:00:00,85766.654,86292.71,85512.06,86205.165,0.414809689
2025-12-15 22:00:00,86229.7675,86282.158,85798.226,86238.19,0.641560291
2025-12-15 23:00:00,86222.857,88651.635,86096.0,86391.0875,0.049555704
2025-12-16 00:00:00,86407.93,86528.3825,85822.318,85836.46,0.035682342
2025-12-16 01:00:00,85848.2,86161.697,85660.7875,85884.803,0.00680416
2025-12-16 02:00:00,85884.634,86242.48,85781.99,85916.351,0.024248098
2025-12-16 03:00:00,85934.353,85995.96,85358.58,85855.01,0.008190901
2025-12-16 04:00:00,85857.6,85905.716,85251.14,85826.88,0.135453486
2025-12-16 05:00:00,85796.975,86215.02,85776.0025,86021.79,0.083282552
2025-12-16 06:00:00,86007.5125,86618.8,86007.5125,86467.7615,0.035999221
2025-12-16 07:00:00,86503.205,86599.5,85871.039756,85998.05,0.152629766
2025-12-16 08:00:00,86013.572,86371.9445,85914.6905,86261.074,0.012153168
2025-12-16 09:00:00,86253.001,86422.771,86169.31,86349.098,0.206091967
2025-12-16 10:00:00,86330.605,87325.7355,86245.841,86950.15,0.034814351
2025-12-16 11:00:00,86963.3,87350.3,86791.09,87249.155,0.062363252
2025-12-16 12:00:00,87219.6385,87482.625,87059.548,87197.23,0.103833017
2025-12-16 13:00:00,87203.15,87763.5565,85960.591133004,86424.8125,0.022658095
2025-12-16 14:00:00,86427.4505,87736.2525,86101.959,87279.885,0.298518403
2025-12-16 15:00:00,87280.702,88155.32,86810.68,87956.96,0.044494254
2025-12-16 16:00:00,87936.49,88081.2,87365.2,87587.59,0.029953591
2025-12-16 17:00:00,87574.625,87847.5615,87065.95,87118.0705,0.006921013
2025-12-16 18:00:00,87104.164,88006.2295,87044.948,87791.9375,0.121335685
2025-12-16 19:00:00,87796.8075,87796.8075,87267.772,87547.22,0.155998205
2025-12-16 20:00:00,87539.902,87839.7315,87327.506,87559.438,0.036789732
2025-12-16 21:00:00,87559.694,87917.183,87465.756,87735.9765,0.000623031
2025-12-16 22:00:00,87762.943,87924.3735,87626.491,87801.704,0.028904199
2025-12-16 23:00:00,87802.356,87881.1,87571.5605,87857.25,0.001912283
2025-12-17 00:00:00,87898.9,87898.9,87387.455,87517.883,0.050495618
2025-12-17 01:00:00,87528.545,87933.355,87463.5525,87523.675,0.01850142
2025-12-17 02:00:00,87574.75,87581.815,87152.046,87468.25,0.008331913
2025-12-17 03:00:00,87474.4525,87634.47,87130.635,87182.26,0.026892245
2025-12-17 04:00:00,87202.6315,87385.505,86697.36,86743.085,0.06054429
2025-12-17 05:00:00,86747.42,86747.42,86174.805,86608.73,0.024504946
2025-12-17 06:00:00,86582.16,86984.7725,86551.866,86732.18,0.004007871
2025-12-17 07:00:00,86748.9,87092.0,86558.502,87007.76,0.021452906
2025-12-17 08:00:00,87019.7705,87030.99,86275.1,86373.0,0.010937941
2025-12-17 09:00:00,86384.515,86575.974,86180.804,86389.0475,0.017751609
2025-12-17 10:00:00,86370.165,86844.2,86193.5655,86596.2345,0.017474741
2025-12-17 11:00:00,86588.33,87119.5025,86484.003,86952.695,0.042390722
2025-12-17 12:00:00,86989.367,87206.963,86797.075,87010.925,0.002016945
2025-12-17 13:00:00,87008.1,87822.85,86786.975,87606.07,0.064679092
2025-12-17 14:00:00,87606.703,89677.3915,87134.810416502,89644.4025,0.265157104
2025-12-17 15:00:00,89644.088,90332.8,87106.6,87219.27,0.246807837
2025-12-17 16:00:00,87196.98,87741.37,86121.045,86965.47,0.026472995
2025-12-17 17:00:00,86937.405,87082.68,86225.4,86378.395,0.085310488
2025-12-17 18:00:00,86376.465,87219.945566502,85606.1725,85792.915,0.187193438
2025-12-17 19:00:00,85768.57,86149.13,85267.6724384235,85978.4185,0.180230158
2025-12-17 20:00:00,85996.4375,86240.25,85602.355,85863.055,0.167843265
2025-12-17 21:00:00,85852.34,86049.41,85664.155,85937.808,0.128670275
2025-12-17 22:00:00,85937.575,86404.6695,85855.32,86305.555,0.004033531
2025-12-17 23:00:00,86308.782,86308.782,85904.205,86192.7275,0.001442303
2025-12-18 00:00:00,86205.0905,86313.31,86004.3,86182.05,0.00893872
2025-12-18 01:00:00,86193.7195,86850.4874384235,85820.41,86077.236,0.001895407
2025-12-18 02:00:00,86092.587,86842.736,85959.1,86658.08,0.003294637
2025-12-18 03:00:00,86658.6105,86669.55,86220.5,86568.424,0.011840497
2025-12-18 04:00:00,86568.775,86883.064,86545.454,86719.1925,0.007346376
2025-12-18 05:00:00,86705.7885,86769.86,86340.1525,86396.7055,0.102755989
2025-12-18 06:00:00,86401.9515,86636.3225,86360.35,86625.0585,0.001592606
2025-12-18 07:00:00,86630.59,86870.575,86556.27,86796.624,0.127863964
2025-12-18 08:00:00,86789.325,87136.901,86659.579,86937.929,0.123127769
2025-12-18 09:00:00,86953.58,87364.72,86759.153,87220.27,0.009983672
2025-12-18 10:00:00,87241.4945,87425.845,87154.13,87291.665,0.029734
2025-12-18 11:00:00,87339.15,87339.7,87017.6,87220.3905,0.014357463
2025-12-18 12:00:00,87263.8335,87396.09,87061.7,87231.494,0.019197532
2025-12-18 13:00:00,87239.77,89385.734805,86854.73,88790.425,1.233766449
2025-12-18 14:00:00,88826.7965,89421.936,87697.1135,88300.84,0.802224814
2025-12-18 15:00:00,88300.34,89317.675,87918.2495,88456.563,0.083235767
2025-12-18 16:00:00,88452.2,89210.543019619,87803.4485,87966.9165,0.231450033
2025-12-18 17:00:00,87959.805,88006.66,85403.4,86441.515,0.036808077
2025-12-18 18:00:00,86443.44,87788.5024130425,85668.7085,85918.335,0.285413822
2025-12-18 19:00:00,85931.9095,87788.5024130425,84428.0755,84437.1335,0.149602722
2025-12-18 20:00:00,84433.785,87433.051265477,84402.748,84580.635,0.070457234
2025-12-18 21:00:00,84556.7885,87433.051265477,84536.887790858,85595.69,0.050015184
2025-12-18 22:00:00,85596.94,87433.051265477,85232.3235,85536.9635,0.007157546
2025-12-18 23:00:00,85532.661,85580.5,85271.744,85457.75,0.007293019
2025-12-19 00:00:00,85486.9875,85581.5,85231.0385,85567.5245,0.01279526
2025-12-19 01:00:00,85541.75,85556.17,85061.155,85264.107,0.085961557
2025-12-19 02:00:00,85285.925,87296.3841864415,85074.73,85602.95,0.010367363
2025-12-19 03:00:00,85603.4,87516.415,85555.8315,86823.65,0.011201549
2025-12-19 04:00:00,86841.159,87322.439,85841.4642118225,87038.35,0.016004101
2025-12-19 05:00:00,87053.635,87187.41,86604.55,87087.0,0.016852007
2025-12-19 06:00:00,87088.2865,87416.744,86834.598,87415.4375,0.110197767
2025-12-19 07:00:00,87418.969,88342.8085,87401.5945,87898.1,0.009564044
2025-12-19 08:00:00,87898.767,88203.887,87657.3,88047.31,0.027226545
2025-12-19 09:00:00,88030.01,88131.725,87825.45,88046.883,0.004036
2025-12-19 10:00:00,88039.305,88276.5355,87867.6125,88237.1375,0.021601008
2025-12-19 11:00:00,88234.85,88334.997,88075.882,88129.12,0.008911421
2025-12-19 12:00:00,88148.55,88241.427,87784.8,87784.8,0.006551996
2025-12-19 13:00:00,87820.415,88164.274,87769.5,87949.58,0.003991718
2025-12-19 14:00:00,87949.438,88470.265,87455.9905,88112.6855,0.018377136
2025-12-19 15:00:00,88111.02,89348.5375,87650.5615,87907.5265,0.045518479
2025-12-19 16:00:00,87887.13,88849.58,87804.976,87907.35,0.015318841
2025-12-19 17:00:00,87923.63,88302.98,86810.8235,86890.333,0.034305502
2025-12-19 18:00:00,86881.7,87425.325,86789.6055,87094.427,0.03766719
2025-12-19 19:00:00,87095.094,88078.029,87066.6075,87803.2,0.013128464
2025-12-19 20:00:00,87808.5565,88357.19,87533.875,88003.0,0.038637919
2025-12-19 21:00:00,88012.0375,88049.327,87737.394,87788.777,0.001145
2025-12-19 22:00:00,87780.3,88378.485,87780.3,88316.7435,0.001465274
2025-12-19 23:00:00,88282.925,88332.35,88077.9995,88083.95,0.004933677
2025-12-20 00:00:00,88144.7,88153.0065,87910.6315,87966.7045,0.007072787
2025-12-20 01:00:00,87967.7165,88129.85,87952.795,88035.6615,0.00256925
2025-12-20 02:00:00,88030.3695,88334.98,87956.01268,88166.6,0.002507008
2025-12-20 03:00:00,88186.0,88328.179,88126.7885,88167.035,0.000673
2025-12-20 04:00:00,88169.45,89153.637135,88072.164,88248.0465,0.029874552
2025-12-20 05:00:00,88259.3025,88533.155,88223.445,88266.905,0.003248387
2025-12-20 06:00:00,88266.25,88455.616,88231.25,88271.7485,0.003236
2025-12-20 07:00:00,88276.64,88297.15,88134.7,88229.36,0.172674335
2025-12-20 08:00:00,88238.8875,88436.77,88200.9,88200.9,0.017054537
2025-12-20 09:00:00,88195.2,88319.843,88159.045,88196.109,0.007307558
2025-12-20 10:00:00,88174.556,88262.442,88067.056,88123.0,0.003354193
2025-12-20 11:00:00,88115.935,88288.93,88036.375,88248.74,0.145414176
2025-12-20 12:00:00,88236.5,88326.08,88107.01,88199.2,0.005823982
2025-12-20 13:00:00,88195.03,88330.86,87780.57,88214.879,0.0656059
2025-12-20 14:00:00,88213.7835,88249.145,87960.63,88210.75,0.064119184
2025-12-20 15:00:00,88201.269,88230.972,87967.705,88145.397,0.023608598
2025-12-20 16:00:00,88138.6805,88231.97,88078.25,88110.202,0.008597413
2025-12-20 17:00:00,88121.67,88248.6,88063.51,88150.77,0.004943594
2025-12-20 18:00:00,88151.62,88375.87,88062.096,88276.222,0.05841591
2025-12-20 19:00:00,88292.993,88340.8,88122.7,88206.5445,0.01296996
2025-12-20 20:00:00,88211.6045,88285.5,88142.0,88250.9295,0.01938344
2025-12-20 21:00:00,88248.8215,88425.21,88167.7281,88189.3386,0.000254
2025-12-20 22:00:00,88195.3281,88317.6,88099.679,88245.783,0.004218176
2025-12-20 23:00:00,88253.2055,88400.3,88205.0485,88323.1825,0.001828565
2025-12-21 00:00:00,88390.16,88404.03,88263.455,88356.6785,0.001580945
2025-12-21 01:00:00,88354.0845,88356.5185,87969.875,88005.0655,0.007862993
2025-12-21 02:00:00,87988.198,88124.822,87834.5045,87934.1,0.011952258
2025-12-21 03:00:00,87936.745,88139.7655,87869.32,88065.9375,0.003617438
2025-12-21 04:00:00,88043.2965,88133.455,88001.6,88054.825,0.00143679
2025-12-21 05:00:00,88028.0,88152.63,88027.54,88092.4665,0.0015485
2025-12-21 06:00:00,88108.32,88197.4695,88044.395,88054.896,0.000305588
2025-12-21 07:00:00,88074.96,88156.462,88035.442,88143.712,0.000297
2025-12-21 08:00:00,88142.85,88712.75,88111.65,88502.335,0.020078319
2025-12-21 09:00:00,88523.65,89052.255,88451.15,88882.607,0.023570743
2025-12-21 10:00:00,88864.133,88958.54,88527.278,88629.7195,0.018033806
2025-12-21 11:00:00,88638.305,88720.1795,88543.65,88577.79,0.006263177
2025-12-21 12:00:00,88580.6945,88909.5,88429.855,88621.15,0.003476967
2025-12-21 13:00:00,88613.1,88670.65,87565.8135,87654.32,0.035927158
2025-12-21 14:00:00,87646.502,88112.75,87589.039,88031.809,0.006437666
2025-12-21 15:00:00,88047.285,88234.95,87771.295,88031.2085,0.004935
2025-12-21 16:00:00,88036.05,88343.915,87949.412,88310.035,0.004550696
2025-12-21 17:00:00,88348.9,88484.695,88242.425,88304.8785,0.001950428
2025-12-21 18:00:00,88274.455,88438.072,87909.75,88405.6,0.021052688
2025-12-21 19:00:00,88424.955,89255.083275862,88177.6885,88470.7955,0.041921281
2025-12-21 20:00:00,88445.6645,88492.805,88171.374,88216.478,0.236459618
2025-12-21 21:00:00,88219.965,88377.7,88058.561,88142.5625,0.008414
2025-12-21 22:00:00,88143.265,88483.5135,88097.2855,88471.7705,0.002353536
2025-12-21 23:00:00,88450.045,88799.625,88333.8235,88651.7895,0.014404802
2025-12-22 00:00:00,88687.526,89609.9695,88591.0695,88613.721,0.028199253
2025-12-22 01:00:00,88609.5065,89268.4775,88480.1015,88617.452,0.007801681
2025-12-22 02:00:00,88587.715,89255.083275862,87885.483,88438.305,0.006462036
2025-12-22 03:00:00,88447.1255,88845.4915,88253.132,88756.555,0.006696372
2025-12-22 04:00:00,88739.3,89019.1,88666.248,88870.4365,0.077441338
2025-12-22 05:00:00,88871.6985,88981.341,88720.575,88810.73,0.107560346
2025-12-22 06:00:00,88800.555,88985.905,88677.244,88872.0895,0.000541032
2025-12-22 07:00:00,88879.855,89183.235,88853.25,89108.93,0.040614282
2025-12-22 08:00:00,89123.785,89894.95,89052.7155,89307.8385,0.021919025
2025-12-22 09:00:00,89306.37,89808.675,89248.5775,89783.982,0.015603905
2025-12-22 10:00:00,89803.6075,89839.425,89550.573,89762.4065,0.006875363
2025-12-22 11:00:00,89741.9025,90067.2985,89600.925,89906.645,0.054650632
2025-12-22 12:00:00,89923.034,90547.1415,89816.91,90191.195,0.012954233
2025-12-22 13:00:00,90167.5,90305.985,89696.065,89881.7815,0.051597755
2025-12-22 14:00:00,89895.02,90486.610369458,89394.2235,90113.626,0.057000141
2025-12-22 15:00:00,90093.285,90396.1865,89146.6685,89704.717,0.045864018
2025-12-22 16:00:00,89706.2405,90486.610369458,89476.9215,89508.515,0.142224075
2025-12-22 17:00:00,89517.9915,89583.393,89038.8115,89267.2555,0.022314868
2025-12-22 18:00:00,89269.8265,90486.610369458,89081.71,89113.47,0.007767767
2025-12-22 19:00:00,89113.0675,89113.0675,87921.83,88016.535,0.030075973
2025-12-22 20:00:00,88018.493,88441.8,87855.06,88296.935,0.208231222
2025-12-22 21:00:00,88303.575,88590.449,88182.06,88214.235,0.472351703
2025-12-22 22:00:00,88230.795,88774.385,88103.09,88621.385,0.004192977
2025-12-22 23:00:00,88614.3,88659.381,88348.095,88574.855,0.009840466
2025-12-23 00:00:00,88548.5,88899.77,88406.64,88719.728,0.052199386
2025-12-23 01:00:00,88713.416,88863.8,88359.682,88462.355,0.011840672
2025-12-23 02:00:00,88459.7125,88714.849,88050.729,88149.65,0.00501343
2025-12-23 03:00:00,88165.303,88312.784,87740.879,88141.989267,0.034297636
2025-12-23 04:00:00,88123.681267,88326.865,87865.895,87867.146,0.003486513
2025-12-23 05:00:00,87826.288,89501.388694581,87546.22,87691.681,0.048392811
2025-12-23 06:00:00,87692.8,89501.388694581,86996.224,87329.297,0.119360346
2025-12-23 07:00:00,87333.295,87657.995,87302.6795,87497.99,0.029475709
2025-12-23 08:00:00,87518.8645,87641.87,87365.765,87426.835,0.195696562
2025-12-23 09:00:00,87415.65,87602.281,87237.555,87470.9495,0.016396128
2025-12-23 10:00:00,87487.0665,87615.0,87418.9,87546.2,0.00938571
2025-12-23 11:00:00,87531.06,87851.12,87471.9,87816.8,0.012601702
2025-12-23 12:00:00,87800.825,87903.421,87540.05,87739.556,0.004802428
2025-12-23 13:00:00,87725.455,89501.388694581,87378.965,87577.36,0.003318263
2025-12-23 14:00:00,87572.96,89501.388694581,86545.001,86819.541,0.075273384
2025-12-23 15:00:00,86807.52,87541.89,86637.8225,87396.5245,0.050420051
2025-12-23 16:00:00,87387.5,89255.083275862,87268.6145,87952.305,0.039739615
2025-12-23 17:00:00,87945.6795,88248.058,87114.597,87134.03,0.037398763
2025-12-23 18:00:00,87137.6615,88134.2,87111.815,87929.325,0.082179026
2025-12-23 19:00:00,87903.919,87998.21,87568.9215,87713.2,0.084334314
2025-12-23 20:00:00,87701.69,89499.4182512315,87469.3635,87614.3755,0.056523498
2025-12-23 21:00:00,87629.045,87802.128,87461.195,87672.2035,0.22754028
2025-12-23 22:00:00,87662.717,87705.0145,87201.295,87356.8,0.59302592
2025-12-23 23:00:00,87359.2545,87497.29,87133.765,87416.55,0.010058867
2025-12-24 00:00:00,87405.131,87619.71,87194.5,87606.2055,0.003972775
2025-12-24 01:00:00,87608.7855,87783.5,87436.65,87563.059,0.001117
2025-12-24 02:00:00,87554.855,87611.66,86871.075,87074.7,0.007812917
2025-12-24 03:00:00,87072.092,87341.1905,86800.535,87283.4285,0.002574415
2025-12-24 04:00:00,87295.9105,87409.865,87028.92,87079.2,0.003111762
2025-12-24 05:00:00,87080.435,87208.4,86727.49,86883.94,0.010667773
2025-12-24 06:00:00,86891.4765,87031.37,86732.5182512315,86959.8035,0.071703388
2025-12-24 07:00:00,86977.715,87133.104905,86833.105,86842.74,0.00314052
2025-12-24 08:00:00,86846.1645,87056.88,86713.6832512315,86737.5407512315,0.17510531
2025-12-24 09:00:00,86742.9882512315,86841.1285,86651.537,86727.4,0.026009739
2025-12-24 10:00:00,86739.191,87142.275,86729.4,87030.635,0.00930275
2025-12-24 11:00:00,87007.9685,87310.5395,87007.9685,87145.582,0.036343164
2025-12-24 12:00:00,87165.7765,87438.139045,87077.155,87375.65,0.030084485
2025-12-24 13:00:00,87384.25,87392.8085,86954.9,87232.7575,0.001830124
2025-12-24 14:00:00,87233.6515,87399.71,86356.4915,86936.9175,1.006644973
2025-12-24 15:00:00,86932.4305,87168.8,86522.42,86992.7415,0.074739617
2025-12-24 16:00:00,86967.705,89255.083275862,86833.417320862,87202.4925,1.88824398
2025-12-24 17:00:00,87219.195,87524.1405,87173.455,87265.6135,0.142221328
2025-12-24 18:00:00,87242.745,87451.2235,87162.1985,87410.565,0.00160949
2025-12-24 19:00:00,87407.8655,87568.7,87283.7755,87504.345,0.002540649
2025-12-24 20:00:00,87501.15,87632.219,87464.8725,87487.705,0.000335593
2025-12-24 21:00:00,87499.21,87768.48,87486.65,87616.305,0.001081229
2025-12-24 22:00:00,87640.945,87998.96,87639.881,87945.9,0.076937147
2025-12-24 23:00:00,87939.7,87999.1,87519.315,87623.52,2.487554998
2025-12-25 00:00:00,87618.505,87725.2,87452.43,87502.11,0.000570666
2025-12-25 01:00:00,87503.03,87710.19,87498.125,87645.775,0.001635381
2025-12-25 02:00:00,87644.295,87917.895,87500.676,87816.6395,0.001533138
2025-12-25 03:00:00,87840.568,87872.5965,87693.73,87790.605,0.003083393
2025-12-25 04:00:00,87806.2235,87806.2235,87657.851,87730.365,0.000335273
2025-12-25 05:00:00,87705.9745,87784.424,87591.787,87692.03,0.002092684
2025-12-25 06:00:00,87708.847,87829.24,87623.481,87776.108,1.094914697
2025-12-25 07:00:00,87781.294,87823.7505,87644.2,87798.378,0.000913958
2025-12-25 08:00:00,87805.502,87853.86,87274.861,87522.52,0.001490316
2025-12-25 09:00:00,87529.74,87576.27,87400.0,87454.395,0.004521534
2025-12-25 10:00:00,87466.952,87483.728,87191.15,87346.3365,0.016244547
2025-12-25 11:00:00,87359.399,87545.9165,87328.495,87478.857,0.00725374
2025-12-25 12:00:00,87452.0655,87543.35,87373.557,87519.606,0.011562947
2025-12-25 13:00:00,87497.858,87670.35,87335.81,87572.8,0.026913088
2025-12-25 14:00:00,87577.9895,87732.3435,87488.31,87664.906,0.049930825
2025-12-25 15:00:00,87664.5675,88537.1,87658.7395,88303.7815,0.011903423
2025-12-25 16:00:00,88313.6065,88432.134,87838.873850837,88024.23,0.04467379
2025-12-25 17:00:00,88019.3,88161.25,87926.128,88097.6985,0.034214102
2025-12-25 18:00:00,88076.358,88278.555,88074.61,88177.358,0.030148642
2025-12-25 19:00:00,88177.72,88197.275,87997.37,88099.012,0.00544327
2025-12-25 20:00:00,88130.0,88130.0,87567.507,87849.1545,0.012962208
2025-12-25 21:00:00,87836.0,87944.734,87751.1645,87841.735,0.024831452
2025-12-25 22:00:00,87888.8,87888.8,87260.01,87592.2175,0.001720055
2025-12-25 23:00:00,87604.8695,87838.873850837,86871.48,87170.4,0.058489383
2025-12-26 00:00:00,87184.57,87446.755624236,86835.166,87072.5745,0.10395
2025-12-26 01:00:00,87064.797,87433.215,87064.155,87388.5585,0.076670059
2025-12-26 02:00:00,87368.162,89356.935,87349.85,89103.81,0.026877307
2025-12-26 03:00:00,89102.35,89238.464,88612.535,88766.029,0.125255287
2025-12-26 04:00:00,88763.35,89067.75,88440.02,88900.3695,0.01572191
2025-12-26 05:00:00,88904.7,89013.229,88703.95,88933.385,0.00395312
2025-12-26 06:00:00,88918.464,89196.6,88912.572,89036.8365,0.074878434
2025-12-26 07:00:00,89070.25,89506.316,88273.8195,88382.331,0.057804181
2025-12-26 08:00:00,88381.109,88827.7,88324.55,88679.8515,0.004963012
2025-12-26 09:00:00,88673.33,88855.835,88577.951,88749.3505,0.035744195
2025-12-26 10:00:00,88776.865,88848.29,88581.56,88690.409,0.002179292
2025-12-26 11:00:00,88691.8015,88712.82,88433.08,88470.15,0.040672276
2025-12-26 12:00:00,88489.192,88743.97,88476.485,88621.064,0.034152799
2025-12-26 13:00:00,88635.656,89006.99,88547.986,88937.947,0.00468384
2025-12-26 14:00:00,88948.0825,89260.009384236,87276.776,87318.195,0.043173547
2025-12-26 15:00:00,87325.81,87325.81,86580.775,87073.702,0.256227518
2025-12-26 16:00:00,87073.135,87319.9105,86757.749,86757.8365,0.158700652
2025-12-26 17:00:00,86777.185,87386.6,86719.2555,87246.0,0.086414673
2025-12-26 18:00:00,87273.166,87309.98,87029.44,87213.665,0.210639075
2025-12-26 19:00:00,87186.6945,87504.2975,87152.396,87424.48,0.006467009
2025-12-26 20:00:00,87404.033,87770.495,87316.5,87517.045,0.287752547
2025-12-26 21:00:00,87509.32,87639.1925,87371.1015,87395.44,0.014599731
2025-12-26 22:00:00,87395.23,87568.19,87242.4755,87472.83,0.006660765
2025-12-26 23:00:00,87462.999,87502.7,87234.8,87287.8,0.00519921
2025-12-27 00:00:00,87320.052,87364.3,87151.9,87344.55,0.034047871
2025-12-27 01:00:00,87381.7,87455.0,87265.7595,87411.7,0.14697977
2025-12-27 02:00:00,87349.5,87449.948,87329.2415,87392.74,0.019169911
2025-12-27 03:00:00,87394.8,87491.9,87310.1245,87437.345,0.002108543
2025-12-27 04:00:00,87446.71,87495.878,87341.56,87403.5865,0.00391287
2025-12-27 05:00:00,87443.135,87477.872,87366.406,87453.99,0.064926487
2025-12-27 06:00:00,87437.07,87549.591,87329.4,87415.66,0.035728542
2025-12-27 07:00:00,87408.598,87657.4355,87408.598,87475.4,0.058097468
2025-12-27 08:00:00,87493.4315,87641.23,87471.82,87540.6515,0.012158811
2025-12-27 09:00:00,87539.4765,87639.6,87494.3,87593.712,0.00488325
2025-12-27 10:00:00,87576.884,87591.085,87310.5175,87458.46,0.154879264
2025-12-27 11:00:00,87468.3,87531.08,87379.9,87443.055,0.004796268
2025-12-27 12:00:00,87438.066,87497.608,87367.725,87440.6515,0.001749917
2025-12-27 13:00:00,87437.1,87489.091,87269.7385,87411.939,0.011933528
2025-12-27 14:00:00,87455.378,87524.784,87327.99,87490.265,0.114010702
2025-12-27 15:00:00,87487.9,87581.04,87399.672,87499.9,0.010916786
2025-12-27 16:00:00,87501.685,88788.727463679,87386.7415,87428.064,0.007085404
2025-12-27 17:00:00,87455.35,87545.3,87406.12,87493.9195,0.025616568
2025-12-27 18:00:00,87507.667,87565.41,87392.596,87433.95,0.015470987
2025-12-27 19:00:00,87434.85,87566.2,87395.97,87505.7835,0.012348826
2025-12-27 20:00:00,87504.7265,87586.7825,87430.87,87516.165,0.02797498
2025-12-27 21:00:00,87517.535,87655.39,87489.25,87613.646,0.004576998
2025-12-27 22:00:00,87642.185,87899.49,87422.82,87504.0025,0.006129455
2025-12-27 23:00:00,87519.233,88926.6584981615,87486.701,87812.9,0.001746162
2025-12-28 00:00:00,87842.5,87902.2,87638.2,87773.9435,0.012897803
2025-12-28 01:00:00,87809.28,87901.62,87655.7365,87734.105,0.00333548
2025-12-28 02:00:00,87727.475,87870.7,87677.65,87740.772,0.000972358
2025-12-28 03:00:00,87696.976,87820.23,87642.2,87671.556,0.000987341
2025-12-28 04:00:00,87681.0535,87793.917,87612.085,87655.1585,0.000888836
2025-12-28 05:00:00,87613.14,87682.247,87536.9115,87606.299,0.006151283
2025-12-28 06:00:00,87586.321,87780.483,87570.6,87652.3135,0.00392017
2025-12-28 07:00:00,87659.0045,87701.7,87588.041,87674.484,0.002543
2025-12-28 08:00:00,87679.87,87918.953,87661.2,87754.05,0.004406182
2025-12-28 09:00:00,87737.5825,87877.1,87653.873,87725.3,0.021220734
2025-12-28 10:00:00,87736.492,87952.91,87728.013,87795.7,0.018728373
2025-12-28 11:00:00,87803.305,87898.25,87743.835,87831.05,0.003408684
2025-12-28 12:00:00,87810.3235,87843.97,87709.878,87774.24,0.004444136
2025-12-28 13:00:00,87711.4,87907.86,87711.4,87817.635,0.000364628
2025-12-28 14:00:00,87824.25,88013.5,87811.11,87849.8625,0.007867038
2025-12-28 15:00:00,87834.244,87985.821,87748.9,87768.584,0.000504173
2025-12-28 16:00:00,87771.57,87838.7555,87667.565,87762.14,0.008269464
2025-12-28 17:00:00,87760.5525,87873.8525,87686.736,87687.3875,0.000418666
2025-12-28 18:00:00,87699.185,89393.0143103445,87422.7945,87540.8285,0.168482344
2025-12-28 19:00:00,87541.08,87644.5,87431.306,87460.4215,0.00329977
2025-12-28 20:00:00,87435.9145,87650.11,87369.38,87432.32,0.082259215
2025-12-28 21:00:00,87447.5895,87557.724,87366.219,87515.08,0.01636357
2025-12-28 22:00:00,87520.578,87929.805,87404.8,87839.85,0.0028172
2025-12-28 23:00:00,87826.5435,87977.148,87538.52,87888.52,0.015042046
2025-12-29 00:00:00,87898.1,88364.215,87728.817,88215.3,0.018806802
2025-12-29 01:00:00,88204.85,88402.55,87790.62,88348.795,0.11740557
2025-12-29 02:00:00,88360.5,89298.185,88360.5,89062.59,0.00743308
2025-12-29 03:00:00,89081.4535,90085.551,88165.2371783645,90028.69,0.033202792
2025-12-29 04:00:00,90016.739,90315.655,89830.1,90036.9535,0.014695428
2025-12-29 05:00:00,90075.5895,90228.3175,89839.145,89925.9683333333,0.16434964
2025-12-29 06:00:00,89917.6268333333,90079.22,89642.23,89714.0491666667,0.011998253
2025-12-29 07:00:00,89704.6091666667,89757.9925,88926.6584981615,89511.936,0.031989234
2025-12-29 08:00:00,89509.846,89758.87,89345.3345,89442.473,0.003025399
2025-12-29 09:00:00,89453.976,89494.8415,87663.352,87985.5865,0.125351896
2025-12-29 10:00:00,88001.01,88160.44,87533.94,87647.905,0.01893338
2025-12-29 11:00:00,87650.7125,87698.3,87434.898,87434.898,0.17670779
2025-12-29 12:00:00,87461.603,88019.804456002,86699.507389162,87260.76,0.033640056
2025-12-29 13:00:00,87247.925,87445.4,87043.797,87265.405,0.021777044
2025-12-29 14:00:00,87286.312,88135.25,87147.635,87323.792,0.200502869
2025-12-29 15:00:00,87321.5935,87827.8275,87091.6825,87592.525,0.017118901
2025-12-29 16:00:00,87573.3635,88019.804456002,86699.507389162,87520.15,0.028891839
2025-12-29 17:00:00,87540.36,87760.3,87236.185,87740.7775,0.036501099
2025-12-29 18:00:00,87764.263,87900.7575,87249.92,87352.3225,0.072056008
2025-12-29 19:00:00,87351.3295,87570.28,87203.3285,87259.2475,0.014829725
2025-12-29 20:00:00,87249.4365,87493.705,86905.116,87096.63,0.072999019
2025-12-29 21:00:00,87082.241,87297.49,87056.75,87216.2745,0.014608156
2025-12-29 22:00:00,87207.1,87328.519,86954.947,87240.185,0.004480742
2025-12-29 23:00:00,87230.132,87332.7,87066.2,87122.985,0.000655968
2025-12-30 00:00:00,87116.337,87270.1,86980.896,87140.485,0.002691221
2025-12-30 01:00:00,87140.662,87254.7,86988.77,87193.2285,0.004792723
2025-12-30 02:00:00,87200.15,87245.3,86841.879,86987.667,0.112463169
2025-12-30 03:00:00,86980.3,87311.421,86699.507389162,87251.9255,0.034608519
2025-12-30 04:00:00,87262.249,87383.964,87175.9935,87175.9935,0.036473201
2025-12-30 05:00:00,87189.91,87274.722,87018.1,87137.05,0.010418024
2025-12-30 06:00:00,87127.8135,87442.33,87107.35,87342.5,0.000936143
2025-12-30 07:00:00,87324.358,87529.6,87254.4545,87374.2935,0.123020824
2025-12-30 08:00:00,87394.1375,88113.44,87381.0075,87749.776,0.046106496
2025-12-30 09:00:00,87761.615,88019.804456002,87516.7,87886.991,0.047075379
2025-12-30 10:00:00,87887.89,88103.38,87784.355,87840.788,0.013307422
2025-12-30 11:00:00,87850.83,87964.7,87647.375,87802.5295,0.023319999
2025-12-30 12:00:00,87794.625,87979.698,87794.625,87917.927875,0.001619407
2025-12-30 13:00:00,87916.347875,88029.8495,87776.87,87978.0045,0.015263313
2025-12-30 14:00:00,87995.28,88939.37,87710.65,88781.64,0.049543221
2025-12-30 15:00:00,88773.2875,89081.3225,88113.088,88928.525,0.044516974
2025-12-30 16:00:00,88921.385,89314.650761421,88488.73,88655.8,0.011662159
2025-12-30 17:00:00,88652.758,88831.285,88050.0,88304.5515,0.309248194
2025-12-30 18:00:00,88296.2835,88441.35,88054.216,88207.0825,0.001908426
2025-12-30 19:00:00,88214.045,88356.655,87868.024,88136.249,0.066244664
2025-12-30 20:00:00,88145.315,88152.1645,87768.53,87864.1985,0.029008934
2025-12-30 21:00:00,87862.48,88263.705,87787.71,88194.97,0.100728204
2025-12-30 22:00:00,88192.939,88399.027,88177.4,88348.894,0.044494356
2025-12-30 23:00:00,88336.9565,88499.65,88267.8575,88395.268,0.005779479
2025-12-31 00:00:00,88400.9845,88409.0295,88143.155,88165.7185,0.002743542
2025-12-31 01:00:00,88170.51,88711.7,88062.095,88543.895,0.009812828
2025-12-31 02:00:00,88555.6725,88662.3,88426.13,88573.8295,0.004284
2025-12-31 03:00:00,88580.551,88712.185,88258.7555,88353.737,0.001343093
2025-12-31 04:00:00,88345.375,88457.934,88216.3025,88238.627,0.017892649
2025-12-31 05:00:00,88233.7595,88428.915,88233.3,88346.2135,0.013441954
2025-12-31 06:00:00,88341.75,88487.6,88289.5,88396.987,0.00152376
2025-12-31 07:00:00,88397.0495,88546.011,88314.565,88492.0705,0.011404719
2025-12-31 08:00:00,88511.09,88628.4,88270.09,88336.7135,0.00951339
2025-12-31 09:00:00,88319.339,88647.43,88319.339,88565.032,0.028258896
2025-12-31 10:00:00,88600.893,88782.1445,88533.532,88747.025,0.119510098
2025-12-31 11:00:00,88729.55,88941.0575,88668.3,88920.68,0.030285877
2025-12-31 12:00:00,88914.795,88946.775,88629.448,88671.8075,0.034047358
2025-12-31 13:00:00,88680.7,88979.0,88623.99,88876.326,0.002172417
2025-12-31 14:00:00,88874.44,89090.4,88148.767,88390.812,2.008094458
2025-12-31 15:00:00,88384.01,88419.568,87652.7,87823.36,0.031607587
2025-12-31 16:00:00,87833.472,88266.109874721,87277.05,87540.4015,0.040088447
2025-12-31 17:00:00,87515.6895,87627.5245,87360.499,87486.85,0.164476455
2025-12-31 18:00:00,87491.88,87881.861,87430.2,87549.125,0.008771961
2025-12-31 19:00:00,87546.3,87741.8365,87390.208,87402.727,0.028958381
2025-12-31 20:00:00,87392.2995,87571.05,87074.155,87514.39,0.061052644
2025-12-31 21:00:00,87516.144,87737.66,87516.144,87658.34,0.002836501
2025-12-31 22:00:00,87652.092,87737.9,87515.8065,87596.4805,0.013087928
2025-12-31 23:00:00,87578.518,87637.73,87440.3,87488.274,0.006037055
2026-01-01 00:00:00,87513.6405,87715.875,87469.5,87660.5,0.001306183
2026-01-01 01:00:00,87656.579,87908.3625,87645.9,87816.7795,0.05867035
2026-01-01 02:00:00,87784.725,87950.0415,87725.335,87765.755,0.007908036
2026-01-01 03:00:00,87745.45,87929.47,87652.8,87683.2735,0.002800352
2026-01-01 04:00:00,87707.3495,87754.999,87351.4,87426.835,0.055500481
2026-01-01 05:00:00,87429.132,87613.07,87429.132,87534.4475,0.006520512
2026-01-01 06:00:00,87538.091,87595.311,87461.7,87505.75,0.203414813
2026-01-01 07:00:00,87514.1625,87562.648,87451.302,87481.2855,0.127785727
2026-01-01 08:00:00,87469.02,87664.1325,87469.02,87614.591,0.133222784
2026-01-01 09:00:00,87624.0595,87831.778,87597.2,87749.3,0.002024944
2026-01-01 10:00:00,87743.434,87762.8,87648.55,87736.15,0.001947182
2026-01-01 11:00:00,87719.87,87941.3,87702.431,87892.737,0.00727639
2026-01-01 12:00:00,87854.874,87931.8,87782.9535,87809.7855,0.009665394
2026-01-01 13:00:00,87811.193,87897.267,87724.206,87784.7995,0.000805
2026-01-01 14:00:00,87780.412,87867.1,87702.3955,87846.6,0.02084861
2026-01-01 15:00:00,87862.2955,88015.385,87804.7655,87931.065,0.005277628
2026-01-01 16:00:00,87934.4355,88170.050761421,87767.47,87881.3795,0.023598156
2026-01-01 17:00:00,87869.65,88426.88,87827.9,88189.271,0.022704637
2026-01-01 18:00:00,88220.042,88263.995,87952.358,88073.53,0.075689041
2026-01-01 19:00:00,88085.695,88334.56,87944.51,88292.767,0.114385655
2026-01-01 20:00:00,88279.69,88329.7,88090.9,88139.455,0.029974516
2026-01-01 21:00:00,88143.835,88348.5375,88124.92,88285.525,0.002956829
2026-01-01 22:00:00,88280.532,88603.42125,88259.675,88527.5175,0.009694991
2026-01-01 23:00:00,88535.9605,88814.006,88333.5155,88756.746,0.078238514
2026-01-02 00:00:00,88734.7565,88796.69,88472.5795,88721.411,0.002983337
2026-01-02 01:00:00,88725.5,88785.865375,88412.125,88541.145,0.000923159
2026-01-02 02:00:00,88531.25,88585.5,88267.82,88529.745,0.002871358
2026-01-02 03:00:00,88534.814,89027.52,88455.371,88831.895,0.003845649
2026-01-02 04:00:00,88844.615,88899.696,88519.905,88540.525,0.001908375
2026-01-02 05:00:00,88520.8475,88728.4,88443.82,88653.595,0.015504203
2026-01-02 06:00:00,88664.801,89009.408,88620.2805,88815.378,0.007769723
2026-01-02 07:00:00,88854.4595,88968.344,88716.477,88765.3905,0.081255235
2026-01-02 08:00:00,88765.875,89090.42,88697.881,89072.679,0.003157799
2026-01-02 09:00:00,89068.925,89414.56,87463.92575,89375.3125,0.117229223
2026-01-02 10:00:00,89392.265,89849.548,89185.279187817,89574.316,0.115790768
2026-01-02 11:00:00,89558.85,89596.2335,89259.935,89410.51,0.004639845
2026-01-02 12:00:00,89416.768,89545.89,89282.2845,89307.154,0.03219843
2026-01-02 13:00:00,89327.8145,89642.737,87927.8515,89268.2,0.017074985
2026-01-02 14:00:00,89281.8,90066.1435,88390.441,89507.034,0.375971981
2026-01-02 15:00:00,89516.66,89840.05,88722.366,89351.4,0.030927267
2026-01-02 16:00:00,89328.718,90759.43,89169.8547574,90336.8845,0.0327507
2026-01-02 17:00:00,90331.15,90937.2725,90134.4055,90346.014,0.043307566
2026-01-02 18:00:00,90339.779,90532.4805,89493.5165,89731.4385,0.113424127
2026-01-02 19:00:00,89742.815,90135.599,89610.295,89839.8335,0.047435263
2026-01-02 20:00:00,89855.805,90049.1,89568.546,89691.6,0.090656584
2026-01-02 21:00:00,89693.9,90152.312,89675.1,90011.6325,0.019916301
2026-01-02 22:00:00,90028.4,90367.9475,89858.7375534,90161.0135,0.000731
2026-01-02 23:00:00,90151.9885,90186.915,89834.29,89962.89,0.014979
2026-01-03 00:00:00,89959.705,90183.16,89910.3705,90141.756,0.012814551
2026-01-03 01:00:00,90109.6,90273.905,89990.42,90250.7645,0.007490832
2026-01-03 02:00:00,90299.779,90395.102,90075.1,90309.0815,0.035716
2026-01-03 03:00:00,90300.23,90376.16,90151.38,90302.575,0.0029526
2026-01-03 04:00:00,90313.0345,90445.419,90023.845,90126.85,0.015341931
2026-01-03 05:00:00,90131.9535,90175.1,89844.77,89990.71,0.010444371
2026-01-03 06:00:00,89997.23,90105.37,89775.7,89872.4883304,0.009225951
2026-01-03 07:00:00,89866.9133304,89931.8645,89268.393,89551.825,0.012198374
2026-01-03 08:00:00,89549.14,89813.65,89379.8,89673.294731,0.001478412
2026-01-03 09:00:00,89668.794731,89959.26,89597.31,89760.6355,0.020511214
2026-01-03 10:00:00,89764.65,89886.368,89670.26,89725.9,0.027966421
2026-01-03 11:00:00,89711.05,89772.1192554,89608.999,89719.127,0.120013322
2026-01-03 12:00:00,89703.855,90003.8425,89567.58,89997.825,0.021554414
2026-01-03 13:00:00,89969.55,90060.4,89863.558,89961.4045,0.010410504
2026-01-03 14:00:00,89978.8695,90224.255,89902.787,90080.13,0.037956953
2026-01-03 15:00:00,90082.031,90089.136,89919.04,89931.6055,0.03186864
2026-01-03 16:00:00,89929.975,90168.5411624,89678.4359198,90056.5635,0.258065619
2026-01-03 17:00:00,90064.59,90129.57,89976.315,90059.86,0.026635729
2026-01-03 18:00:00,90047.965,90196.8623248,89964.1,90099.637,0.018895046
2026-01-03 19:00:00,90091.5135,90124.8,90007.7395,90069.6535,0.004875279
2026-01-03 20:00:00,90072.74,90388.0,89966.9835,90330.5325,0.041066599
2026-01-03 21:00:00,90318.745,90698.305,90274.91,90529.2055,0.004950678
2026-01-03 22:00:00,90533.792,90689.5345,90426.17,90559.743,0.001730197
2026-01-03 23:00:00,90565.3355,90712.964,90427.855,90596.725,0.029077113
2026-01-04 00:00:00,90628.95,91525.8395,90519.091051816,91294.9145,0.118762914
2026-01-04 01:00:00,91299.15,91445.982,90934.19,91201.832,0.082058932
2026-01-04 02:00:00,91195.7155,91282.704,91036.965,91097.479,0.023827222
2026-01-04 03:00:00,91086.12,91348.57,91043.592,91208.453,0.01437035
2026-01-04 04:00:00,91184.0,91569.403,91144.05,91381.45,0.008127641
2026-01-04 05:00:00,91372.16,91517.56,91310.75,91443.695,0.00784277
2026-01-04 06:00:00,91420.267,91770.989,91183.07,91183.07,0.004838332
2026-01-04 07:00:00,91195.185,91514.985,91171.0115,91489.145,0.007573236
2026-01-04 08:00:00,91497.61,91499.247,91143.312,91337.615,0.012645626
2026-01-04 09:00:00,91317.905,91458.222,91188.6,91403.746,0.00223747
2026-01-04 10:00:00,91433.4,91594.295,91372.2255,91552.8905,0.01325706
2026-01-04 11:00:00,91542.2295,91575.4,91142.35,91267.975,0.024468427
2026-01-04 12:00:00,91261.63,91341.568,91033.2,91101.5795,0.008381912
2026-01-04 13:00:00,91099.948,91262.873,90992.105,91216.834,0.050578813
2026-01-04 14:00:00,91231.995,91402.2,91047.2,91308.7295,0.013534423
2026-01-04 15:00:00,91293.8655,91354.26,91049.73,91295.915,0.015965993
2026-01-04 16:00:00,91293.375,91428.064,91192.01,91296.407,0.021320226
2026-01-04 17:00:00,91283.2495,91444.505,91242.206,91314.805,0.015868276
2026-01-04 18:00:00,91292.975,91349.02,90952.7695,91168.4045,0.100898805
2026-01-04 19:00:00,91183.5595,91185.8475,90828.126,91095.629,0.000118
2026-01-04 20:00:00,91115.05,91379.6,91090.445,91286.8645,0.02693594
2026-01-04 21:00:00,91277.105,91412.75,91012.9779200315,91259.26,0.017395863
2026-01-04 22:00:00,91242.1,91381.63,91104.0195,91158.507,0.004670057
2026-01-04 23:00:00,91190.95,91550.095,91170.05,91499.4,0.004488665
2026-01-05 00:00:00,91497.71,92376.043401015,91012.9779200315,92366.288401015,0.516126045
2026-01-05 01:00:00,92357.173401015,93317.0675,92242.9,92927.1275,0.237639835
2026-01-05 02:00:00,92939.85,93177.8,92693.44,93010.475,0.009225279
2026-01-05 03:00:00,93068.55,93189.839,92828.8,92843.444,0.01732924
2026-01-05 04:00:00,92834.785,92941.5,92290.9905,92559.135,0.252935
2026-01-05 05:00:00,92582.373,92723.042,92291.8885,92312.6035,0.009923136
2026-01-05 06:00:00,92300.17,92512.01,92110.29,92445.35,0.014650559
2026-01-05 07:00:00,92432.56,92624.274,92428.994,92512.5435,0.016884335
2026-01-05 08:00:00,92493.2,92746.1,92369.248,92435.405,0.093073166
2026-01-05 09:00:00,92447.463,92799.15,92270.434,92660.905,0.012271312
2026-01-05 10:00:00,92646.947,93163.23,92619.3285,93035.9,0.064420198
2026-01-05 11:00:00,93063.2275,93137.361,92791.57,93085.222,0.035824312
2026-01-05 12:00:00,93110.9435,93195.89675,92722.37,92812.285,0.070873395
2026-01-05 13:00:00,92848.0655,92997.769,92492.16,92715.045,0.086170767
2026-01-05 14:00:00,92693.2765,93635.087,92355.3225,93410.951,0.128674471
2026-01-05 15:00:00,93415.3,93993.19,92784.2859176,93933.6,0.742529063
2026-01-05 16:00:00,93959.985,94052.0189176,92200.0,93693.715,0.156372309
2026-01-05 17:00:00,93711.58475,94467.7,92847.093799373,94328.833625,0.197435043
2026-01-05 18:00:00,94345.141125,94527.835,93894.6,94454.42,0.054357826
2026-01-05 19:00:00,94436.937,94519.3,94122.475,94283.75,0.018029654
2026-01-05 20:00:00,94286.61,94819.492,94034.5455,94199.09,0.748449645
2026-01-05 21:00:00,94188.11,94280.28,93827.996,94113.74,0.004908977
2026-01-05 22:00:00,94113.103,94426.7425,93998.95,94184.985,0.014343529
2026-01-05 23:00:00,94163.085,94213.475,93859.39,93884.5945,0.045127368
2026-01-06 00:00:00,93893.285,94003.418,93546.7505,93815.517,0.13122937
2026-01-06 01:00:00,93830.3755,94179.393,93724.517,93757.514,0.341359
2026-01-06 02:00:00,93759.67,93887.555,93500.59,93643.16,0.265070189
2026-01-06 03:00:00,93644.12,93985.79,93590.75,93775.7655,0.015719609
2026-01-06 04:00:00,93780.9425,94002.985,93690.33,93786.718,0.518055192
2026-01-06 05:00:00,93763.01,93852.74,93540.07,93588.614,0.006315216
2026-01-06 06:00:00,93579.818,93943.305,93512.57,93755.8785,0.006282906
2026-01-06 07:00:00,93756.347,93758.3,93108.35,93226.0095,0.009177357
2026-01-06 08:00:00,93293.56,93406.935,93132.5175,93192.0,0.005542531
2026-01-06 09:00:00,93200.915,93543.5445,93186.8395,93441.687,0.004495296
2026-01-06 10:00:00,93433.585,93663.38,93372.6885,93554.192,0.167551508
2026-01-06 11:00:00,93546.746,93876.61,93542.605,93810.65,0.132134966
2026-01-06 12:00:00,93822.279,93974.29,93746.27,93835.05,0.020635426
2026-01-06 13:00:00,93829.735,93879.964,93610.3,93689.4805216,0.007009583
2026-01-06 14:00:00,93703.6,94414.815,93497.2755,93807.1,0.558556398
2026-01-06 15:00:00,93815.9215,94299.7625,93301.6,93626.245,0.756777105
2026-01-06 16:00:00,93617.4075,94036.15813558,92286.5,92651.487,0.051276759
2026-01-06 17:00:00,92653.331,92742.3,91483.13,91540.186,0.020360432
2026-01-06 18:00:00,91534.33,92178.935,91214.685,92000.963,0.65426403
2026-01-06 19:00:00,92008.765,92298.9,91836.05,92045.9075,0.045242295
2026-01-06 20:00:00,92050.19,92697.19,92030.775,92457.825,0.018894654
2026-01-06 21:00:00,92427.195,93807.106598984,91977.4449251075,93206.65,0.024909495
2026-01-06 22:00:00,93215.957,93483.4685,92913.769,93317.92,0.007325337
2026-01-06 23:00:00,93320.782,93807.085,93287.7725,93733.134,0.026955422
2026-01-07 00:00:00,93718.695,93718.695,91977.4449251075,92656.51,0.057143938
2026-01-07 01:00:00,92661.887,92851.1525,92231.0,92372.0,0.007465784
2026-01-07 02:00:00,92373.5,92998.758,92180.85,92886.9305,0.00961886
2026-01-07 03:00:00,92893.765,93055.63,92681.705,92776.43,0.004488198
2026-01-07 04:00:00,92782.915,92924.447,92529.395,92625.565,0.031145804
2026-01-07 05:00:00,92612.0485,92846.883,92448.9,92462.598,0.006134138
2026-01-07 06:00:00,92484.9365,92848.18,92447.665,92551.769,0.00197116
2026-01-07 07:00:00,92562.1255,92848.565,92508.104,92814.51,0.006896368
2026-01-07 08:00:00,92813.4,92918.5685,92579.8,92635.905,0.049602574
2026-01-07 09:00:00,92632.2465,92684.64,91513.626,91637.203,0.018804775
2026-01-07 10:00:00,91638.287,91959.2,91480.682,91893.059,0.009036632
2026-01-07 11:00:00,91916.6705,92193.4,91849.74,92015.2955,0.34948484
2026-01-07 12:00:00,91954.891,92104.4,91883.6,91911.55,0.020410999
2026-01-07 13:00:00,91923.525,92226.9585,91763.646,91980.2745,0.059146108
2026-01-07 14:00:00,91994.1275,92077.05,91284.61,91895.5655,0.153554016
2026-01-07 15:00:00,91904.177,91942.0865,90952.5265,91256.775,0.532711238
2026-01-07 16:00:00,91251.0095,91708.235,91069.815,91193.3155,0.294477098
2026-01-07 17:00:00,91178.0395,91620.9725,90945.775,91160.4,0.473946982
2026-01-07 18:00:00,91142.8995,91367.645,90644.375,90819.7275,0.021661594
2026-01-07 19:00:00,90801.8295,91182.644,90567.0805,91065.845,0.016331484
2026-01-07 20:00:00,91084.44,91216.55,90669.677,90946.44,0.016757757
2026-01-07 21:00:00,90958.675,91149.547,90933.765,91005.23,0.327422385
2026-01-07 22:00:00,90969.489,91269.94,90781.205,91108.366,0.019081679
2026-01-07 23:00:00,91097.5085,91398.675,90904.73,91285.8255,0.027714326
2026-01-08 00:00:00,91274.55,91429.65,90975.4225,91312.19,0.041698619
2026-01-08 01:00:00,91307.487,91583.585,90992.4116256155,91338.834,0.038008825
2026-01-08 02:00:00,91319.827,91400.63,90649.192,90877.6105,0.001328827
2026-01-08 03:00:00,90845.505,91038.67,90521.0525,90699.855,0.015734696
2026-01-08 04:00:00,90695.3135,91065.8555,90588.75,90892.4805,0.003872
2026-01-08 05:00:00,90904.15,91092.115,90661.22,90722.125,0.006575242
2026-01-08 06:00:00,90728.9475,90762.695,89784.413793103,89795.846,0.033591329
2026-01-08 07:00:00,89794.963793103,90498.5247574,89515.209,90418.45,0.038677846
2026-01-08 08:00:00,90414.9835,90645.2165,90025.0535,90106.394,0.0130309
2026-01-08 09:00:00,90115.85,90280.935,89810.684,89904.892,0.002703176
2026-01-08 10:00:00,89888.151,90375.1365,89648.8245,90301.753,0.036657475
2026-01-08 11:00:00,90286.0,90385.1775,89878.29,90100.957,0.004708861
2026-01-08 12:00:00,90098.495,90115.2045,89604.41,89886.085,0.008471592
2026-01-08 13:00:00,89846.5805,90041.272,89739.96,89853.6365,0.007232038
2026-01-08 14:00:00,89827.7525,90498.5247574,89207.4,89904.325,0.097363379
2026-01-08 15:00:00,89918.065,90745.9575,89696.7035,90698.39,0.018628941
2026-01-08 16:00:00,90694.235,90853.9,90198.2,90851.8235,0.024388326
2026-01-08 17:00:00,90849.7765,91402.1,90758.4745,91298.01,0.049406299
2026-01-08 18:00:00,91283.36,91405.91,90858.049,91065.791,0.115375312
2026-01-08 19:00:00,91051.527,91256.4685,90726.456,90863.7225,0.015676591
2026-01-08 20:00:00,90845.645,90923.898,90472.77,90866.1485,0.065717383
2026-01-08 21:00:00,90867.11,91268.137,90858.25,91195.4765,0.002182748
2026-01-08 22:00:00,91194.51,91412.8745,90948.8255,91184.0,0.006768105
2026-01-08 23:00:00,91162.09,91311.205,90965.975,91026.595,0.00509796
2026-01-09 00:00:00,91017.5995,91251.0,90953.823,91191.715,0.014745501
2026-01-09 01:00:00,91217.22,91869.400507614,90754.705,90981.28,0.00293235
2026-01-09 02:00:00,90976.2405,91410.63,90928.7795,90950.975,0.002922551
2026-01-09 03:00:00,90891.2,91179.219,90847.23,91136.8785,0.010392
2026-01-09 04:00:00,91119.27,91150.97,90816.805,90923.475,0.003353171
2026-01-09 05:00:00,90945.415,91075.96,90792.6495,90990.87,0.000696657
2026-01-09 06:00:00,90988.314,91073.4,90855.9605,91019.132,0.000927
2026-01-09 07:00:00,91028.03,91028.03,90623.193,90624.277,0.012847157
2026-01-09 08:00:00,90637.21,90749.864,89592.4,89933.65,0.008551385
2026-01-09 09:00:00,89902.81,90372.8,89892.43,90233.54,0.006342812
2026-01-09 10:00:00,90219.35,90483.96,90151.582,90383.84,0.004787385
2026-01-09 11:00:00,90404.38,90586.275,90294.9185,90362.55,0.005477169
2026-01-09 12:00:00,90360.758,90506.41,90126.065,90336.495,0.014131282
2026-01-09 13:00:00,90361.542,91226.306418944,90298.6465,90498.84,0.022424853
2026-01-09 14:00:00,90493.0645,91226.306418944,89831.096,90063.636,0.007241242
2026-01-09 15:00:00,90075.1085,91947.9,89738.48,91097.56,0.086074292
2026-01-09 16:00:00,91087.055,91710.505,91071.1655,91553.6495,0.126519409
2026-01-09 17:00:00,91532.65,91629.13,90914.58,91335.502,0.824204129
2026-01-09 18:00:00,91319.7325,91418.06,90238.387,90713.245,0.020151006
2026-01-09 19:00:00,90707.1685,90721.1715,90070.231,90198.7,0.020999797
2026-01-09 20:00:00,90207.885,90477.8,90122.16,90172.371,0.005446603
2026-01-09 21:00:00,90166.1945,91036.335,90020.26,90412.675,0.014945307
2026-01-09 22:00:00,90413.445,90588.445,90216.275,90490.0115,0.0008369
2026-01-09 23:00:00,90481.6915,90646.63,90444.73,90526.8055,0.007291029
2026-01-10 00:00:00,90583.161,90583.161,90379.8,90471.3375,0.053602932
2026-01-10 01:00:00,90490.1535,90646.33,90459.285,90574.11,0.001714698
2026-01-10 02:00:00,90564.055,90683.9,90439.5,90595.5,0.012271656
2026-01-10 03:00:00,90568.7855,90578.024,90419.8855,90510.53,0.002864957
2026-01-10 04:00:00,90496.2955,90587.089,90271.285,90343.125,0.00112142
2026-01-10 05:00:00,90324.108,90503.895,90303.15,90468.555,0.039137693
2026-01-10 06:00:00,90491.2855,90491.2855,90319.1,90374.0485,0.00386423
2026-01-10 07:00:00,90384.092,90584.134,90359.948,90544.567,0.021529956
2026-01-10 08:00:00,90485.434,90641.424,90441.5,90551.635,0.014326151
2026-01-10 09:00:00,90537.8215,90664.572,90474.391,90631.006,0.001882591
2026-01-10 10:00:00,90635.287,90754.4880487,90536.36,90691.7075,0.040048197
2026-01-10 11:00:00,90704.424,90737.296707,90568.206,90599.8,0.015656122
2026-01-10 12:00:00,90623.5025,90706.05,90539.17,90614.491,0.006229196
2026-01-10 13:00:00,90620.7785,90652.977,90514.0065,90523.1105,0.001169
2026-01-10 14:00:00,90574.64,90574.64,90408.655,90459.243,0.003722073
2026-01-10 15:00:00,90491.987,90553.254,90439.52,90553.254,0.00388688
2026-01-10 16:00:00,90551.665,90635.12,90467.31,90535.552,0.002687615
2026-01-10 17:00:00,90538.905,90676.56,90411.25,90425.4135,0.407666736
2026-01-10 18:00:00,90425.555,90489.51,90379.3045,90482.62,0.000143
2026-01-10 19:00:00,90490.76,90544.756,90467.0,90517.55,0.010582214
2026-01-10 20:00:00,90524.58,90584.827,90386.9,90453.84,0.033641292
2026-01-10 21:00:00,90465.255,90479.8,90368.22,90404.215,0.020408452
2026-01-10 22:00:00,90388.61,90499.055,90277.15,90316.24,0.110482869
2026-01-10 23:00:00,90328.12,90483.2,90297.975,90375.4645,0.048582019
2026-01-11 00:00:00,90395.7575,90537.3,90306.092,90518.7455,0.017428298
2026-01-11 01:00:00,90492.485,90553.049,90424.0995,90511.443,0.011768
2026-01-11 02:00:00,90520.05,90668.1,90475.015,90574.387,0.001149
2026-01-11 03:00:00,90590.007,90675.705,90490.585,90611.23,0.020877
2026-01-11 04:00:00,90605.405,90686.418,90538.5,90672.44,0.002130165
2026-01-11 05:00:00,90611.7,90758.49,90574.5,90653.4465,0.055053668
2026-01-11 06:00:00,90665.7835,90736.42,90476.492,90622.901,0.041648092
2026-01-11 07:00:00,90625.7575,90689.084,90524.29,90578.345,0.104787103
2026-01-11 08:00:00,90611.405,91274.200507614,90463.789,90656.46,0.001710854
2026-01-11 09:00:00,90655.1945,90728.8,90543.3705,90622.894,0.006450542
2026-01-11 10:00:00,90617.935,90666.1,90537.108,90615.382,0.001416
2026-01-11 11:00:00,90621.07,90643.4,90541.9,90633.5445,0.010996735
2026-01-11 12:00:00,90630.975,90893.56,90588.995,90828.835,0.001281
2026-01-11 13:00:00,90824.4,90864.458,90693.0715,90737.6,0.010647583
2026-01-11 14:00:00,90744.19,91074.975,90728.815,91014.479,0.004551577
2026-01-11 15:00:00,91030.431,91053.488,90583.805,90742.8,0.194350986
2026-01-11 16:00:00,90752.3525,91274.200507614,90752.3525,90915.3245,0.009798465
2026-01-11 17:00:00,90918.615,91024.87,90778.26,90855.19,0.007297784
2026-01-11 18:00:00,90855.115,90855.1885,90652.947,90755.0835,0.021897634
2026-01-11 19:00:00,90746.406,90805.578,90538.63,90559.73,0.012988255
2026-01-11 20:00:00,90553.255,90615.035,90276.936,90557.95,0.194070712
2026-01-11 21:00:00,90542.45,90715.8225,90450.7835,90614.9715,0.002412027
2026-01-11 22:00:00,90608.02,90632.5,90325.383,90410.625,0.00079022
2026-01-11 23:00:00,90387.8735,90920.45,90103.0575,90874.475,0.00363908
2026-01-12 00:00:00,90877.4925,91148.648,90558.225,91124.5795,0.014340225
2026-01-12 01:00:00,91125.4555,91676.815,90953.757,91289.515,0.016598917
2026-01-12 02:00:00,91280.6915,92271.556,91234.887,92100.1895,0.038786453
2026-01-12 03:00:00,92101.513,92428.3,91670.3145,91677.1235,0.014553229
2026-01-12 04:00:00,91702.793,92194.18,91560.35,92049.385,0.018741202
2026-01-12 05:00:00,92030.85,92153.7025,91916.208,92008.995,0.023002898
2026-01-12 06:00:00,91989.9315,92102.525,91647.58,91710.5995,0.003006829
2026-01-12 07:00:00,91708.765,91866.001,91241.392,91290.487,0.003341056
2026-01-12 08:00:00,91292.3745,91520.425,90242.1,90634.5715,0.124558432
2026-01-12 09:00:00,90652.075,90822.8905,90516.21,90584.25,0.093569773
2026-01-12 10:00:00,90585.444,90682.5755,90236.6285,90302.787,0.013119663
2026-01-12 11:00:00,90296.025,90695.641,90293.495,90502.685,0.023982881
2026-01-12 12:00:00,90500.24,90780.2,90488.3385,90652.34,0.001084567
2026-01-12 13:00:00,90643.805,90713.35,90413.221,90525.315,0.022434204
2026-01-12 14:00:00,90501.645,91033.4915,90001.125,90791.7755,0.037507091
2026-01-12 15:00:00,90796.889,91582.6455,90585.665,91581.594,0.16032294
2026-01-12 16:00:00,91577.74,93059.683029,91496.57275,92060.862,0.077446179
2026-01-12 17:00:00,92078.95,92253.624,90948.985,91440.7765,0.064321813
2026-01-12 18:00:00,91442.1335,91881.5495,91324.24,91611.74,0.002349534
2026-01-12 19:00:00,91602.5985,91825.07,91342.0315,91787.3295,0.137664859
2026-01-12 20:00:00,91809.86,91985.8145,91302.2,91408.4,0.335049593
2026-01-12 21:00:00,91392.03,91445.86,90808.56,90968.1715,0.003229623
2026-01-12 22:00:00,90982.5115,91368.24,90970.1985,91139.749,0.002885733
2026-01-12 23:00:00,91177.998,91220.045,90960.7,91189.36,0.001779954
2026-01-13 00:00:00,91183.4375,91464.9,91132.2725,91371.35,0.041841683
2026-01-13 01:00:00,91360.52,91461.2,90938.85,91067.2765,0.255165282
2026-01-13 02:00:00,91089.66,91270.685,90973.9,91003.73,0.044765783
2026-01-13 03:00:00,91027.75,91400.04,90999.67,91319.228,0.001029822
2026-01-13 04:00:00,91289.3955,91560.0175,91228.6,91417.9985,0.009502211
2026-01-13 05:00:00,91385.564,92158.91,91358.545,91822.348,0.033267609
2026-01-13 06:00:00,91819.822,92172.897,91603.7331401155,92086.96,0.012254489
2026-01-13 07:00:00,92082.8935,92159.9,91766.786,91844.1,0.006567875
2026-01-13 08:00:00,91857.4285,92173.135,91816.0,92065.3785,0.01082575
2026-01-13 09:00:00,92056.774,92591.025,91869.2265,92163.53,0.022793824
2026-01-13 10:00:00,92187.85,92272.1785,91930.4865,92028.5845,0.029724913
2026-01-13 11:00:00,92061.423,92170.3925,91840.33,91907.695,0.020643432
2026-01-13 12:00:00,91900.974,92105.6,91818.797,92021.4755,0.003456283
2026-01-13 13:00:00,92027.11,92519.39,91850.0385588345,91964.76,0.001186
2026-01-13 14:00:00,91974.184,92840.254,91668.585,92376.99,0.006145545
2026-01-13 15:00:00,92372.7,93415.795,92035.753,93410.922,0.261134308
2026-01-13 16:00:00,93394.0645,93762.215,92154.2071966185,93362.785,0.450769703
2026-01-13 17:00:00,93393.2885,93495.014,93067.665,93191.05,0.024955038
2026-01-13 18:00:00,93203.47,93844.3145,92528.3188717455,93621.6,0.016733487
2026-01-13 19:00:00,93606.545,94238.58,93443.4445,94223.561,0.088532873
2026-01-13 20:00:00,94243.5,94522.42,94112.65,94402.965,0.810382027
2026-01-13 21:00:00,94414.05,94525.2025,94041.7,94098.521,0.030765706
2026-01-13 22:00:00,94095.1055,96317.681842807,91761.8032912445,95728.55,0.410768019
2026-01-13 23:00:00,95717.795,96108.4365,95039.245,95366.55,0.062147119
2026-01-14 00:00:00,95407.062,95611.944,95079.161,95205.012,0.035188174
2026-01-14 01:00:00,95200.4,95559.5225,93543.5472981415,95209.26,0.049966415
2026-01-14 02:00:00,95204.739,95530.1465,93223.5670443345,95306.2455,0.207002323
2026-01-14 03:00:00,95328.235,95688.57,95241.685,95688.57,0.006858136
2026-01-14 04:00:00,95678.55,95771.22,95147.889,95204.6135,0.007223994
2026-01-14 05:00:00,95184.368,95240.423,94929.0,94995.709,0.012683174
2026-01-14 06:00:00,94979.969,95029.3,94538.7535,94986.7035,0.121338094
2026-01-14 07:00:00,94980.395,95238.763,94787.7,95171.73,0.023769997
2026-01-14 08:00:00,95160.8,95304.7,94851.2695,94851.2695,0.190543099
2026-01-14 09:00:00,94870.1905,95156.313,94802.073,95045.639,0.005761932
2026-01-14 10:00:00,94993.308,95285.105,93223.5670443345,95052.86,0.018007239
2026-01-14 11:00:00,95063.215,95077.83,94631.24,94751.669,0.019022825
2026-01-14 12:00:00,94741.404,95138.4,94625.867,95038.119,0.021248992
2026-01-14 13:00:00,95020.998,95242.35,94845.583,94958.7065,0.225104213
2026-01-14 14:00:00,94961.67,96825.2865,93223.5670443345,96486.985,0.169572806
2026-01-14 15:00:00,96481.3,97110.525,92218.8970443345,96772.41,0.120599185
2026-01-14 16:00:00,96793.466,97714.9825,96722.72,97339.9985,1.128588017
2026-01-14 17:00:00,97311.879,97833.0785,96822.9,96973.467,0.115821477
2026-01-14 18:00:00,96968.81,97139.2,96270.8025,96824.125,0.420068667
2026-01-14 19:00:00,96819.175,97663.73,96198.651231527,97291.285,0.00791123
2026-01-14 20:00:00,97248.8885,97956.175,96783.251231527,97685.975,0.356014798
2026-01-14 21:00:00,97667.785,97754.4695,97379.25,97566.525,0.047360122
2026-01-14 22:00:00,97572.82,97596.294,96831.865,96896.658,0.019082111
2026-01-14 23:00:00,96886.7455,97400.6815,96856.605,96971.41,0.030036214
2026-01-15 00:00:00,96949.4015,97016.58,96474.759,96631.795,0.037304213
2026-01-15 01:00:00,96664.882,96970.31,96261.645,96435.239,2.003331018
2026-01-15 02:00:00,96443.98,96624.1645,96091.2675,96309.745,0.004944304
2026-01-15 03:00:00,96315.267,96783.251231527,95739.731,95958.3395,0.012155523
2026-01-15 04:00:00,96016.7,96407.709,95882.89,96304.36,0.106730842
2026-01-15 05:00:00,96289.51,96509.053,96207.355,96426.525,0.01447963
2026-01-15 06:00:00,96394.674,96609.54,96131.559,96211.2635,0.014734954
2026-01-15 07:00:00,96204.345,96783.251231527,96122.1,96637.25,0.041820802
2026-01-15 08:00:00,96619.8305,96674.664,96270.0,96627.133,0.066419677
2026-01-15 09:00:00,96620.2225,97203.7,96531.3625,97028.9685,0.011474252
2026-01-15 10:00:00,97011.475,97089.5,96671.41,96800.915,0.098686542
2026-01-15 11:00:00,96777.584,96930.539,96546.875,96553.4805,0.821450449
2026-01-15 12:00:00,96570.45,96993.61,96492.83,96959.1305,0.039747154
2026-01-15 13:00:00,96948.217,97003.238,96589.899,96827.495,0.052605866
2026-01-15 14:00:00,96842.89,97138.96,95579.616231527,96032.9675,0.125242501
2026-01-15 15:00:00,96024.65,96783.251231527,95400.762,96724.835,0.097097069
2026-01-15 16:00:00,96708.699,96893.2,96188.5,96721.294,0.115485027
2026-01-15 17:00:00,96689.43,97051.3345,96209.23,96587.9095,0.055569149
2026-01-15 18:00:00,96574.21,96641.252074,95729.6125,95816.6455,0.022428056
2026-01-15 19:00:00,95828.6055,96209.23,95148.635,95473.69,0.204863603
2026-01-15 20:00:00,95481.425,95642.8285,95071.5,95233.49,0.196853422
2026-01-15 21:00:00,95227.312,95602.2405,95168.88675,95565.6155,0.006652188
2026-01-15 22:00:00,95539.25,95848.353,95461.42,95537.65,0.001934674
2026-01-15 23:00:00,95560.561,95705.4,95340.68,95583.3705,0.009495497
2026-01-16 00:00:00,95590.712,95813.74,95528.283,95593.906,0.011229575
2026-01-16 01:00:00,95620.205,95829.242,95383.9,95621.5025,0.005886297
2026-01-16 02:00:00,95629.96,95725.99,95354.085,95467.363,0.042077489
2026-01-16 03:00:00,95476.885,95613.159,95283.715,95323.61,0.002561059
2026-01-16 04:00:00,95323.2915,95595.822,95105.6305,95221.954,0.002570608
2026-01-16 05:00:00,95228.05,95686.885,95207.0785,95625.7085,0.020628384
2026-01-16 06:00:00,95651.9455,95800.78,95494.1,95721.0,0.002337917
2026-01-16 07:00:00,95792.7,95792.7,95412.8,95640.065,0.002691113
2026-01-16 08:00:00,95649.32,95839.617,95492.72,95635.8025,0.004379018
2026-01-16 09:00:00,95608.535,95771.5,95525.323,95616.4482772835,0.019265911
2026-01-16 10:00:00,95604.6242772835,95632.424,95234.828,95269.315,0.005111038
2026-01-16 11:00:00,95275.79,95454.87,95219.535,95390.96,0.008513408
2026-01-16 12:00:00,95380.105,95564.09,95297.2,95435.6135,0.004796779
2026-01-16 13:00:00,95425.7025,95543.856,95238.18,95416.1195,0.013787958
2026-01-16 14:00:00,95404.13,95794.4875,95143.38,95165.9845,0.018892923
2026-01-16 15:00:00,95124.4945,95753.564975369,94238.8375,94532.99,0.386044318
2026-01-16 16:00:00,94538.25,95753.564975369,94440.3155,94846.5,0.045605778
2026-01-16 17:00:00,94835.1,95094.04,94520.7755,95044.35,0.023893633
2026-01-16 18:00:00,95006.595,95192.4,94925.9845,94970.81,1.744718655
2026-01-16 19:00:00,94930.75,95010.4675,94758.37,94960.428,0.013970854
2026-01-16 20:00:00,94949.213,95543.602,94619.155,95536.874,0.014389307
2026-01-16 21:00:00,95525.4855,95602.634,95300.72,95494.4955,0.004907935
2026-01-16 22:00:00,95482.727,95557.43,95206.93,95490.93,0.002782962
2026-01-16 23:00:00,95490.185,95587.6,95351.841,95510.084,0.00230411
2026-01-17 00:00:00,95516.02,95567.6,95379.07,95431.7,0.007879056
2026-01-17 01:00:00,95425.1705,95521.9,95295.991,95356.95,0.005281893
2026-01-17 02:00:00,95365.55,95397.0,95161.4,95341.33,0.014306355
2026-01-17 03:00:00,95346.545,95348.255,95228.73,95322.12,0.006044066
2026-01-17 04:00:00,95336.5035,95345.05,95219.536,95291.965,0.000538065
2026-01-17 05:00:00,95271.5105,95397.138,95200.4,95281.23,0.005778608
2026-01-17 06:00:00,95279.905,95371.78,95150.265,95190.102,0.047785666
2026-01-17 07:00:00,95183.455,95201.94,95014.4335,95076.4805,0.001901866
2026-01-17 08:00:00,95056.9375,95262.806,94989.037,95222.36,0.001935926
2026-01-17 09:00:00,95231.83,95290.6,95081.405,95215.337,0.003335603
2026-01-17 10:00:00,95212.0495,95265.772,95053.999,95053.999,0.000965726
2026-01-17 11:00:00,95060.2915,95315.9,94987.2,95283.4645,0.001144311
2026-01-17 12:00:00,95280.7595,95379.185,95187.842,95223.6815,0.017647595
2026-01-17 13:00:00,95213.4185,95466.63,95159.0,95405.921,0.011063871
2026-01-17 14:00:00,95406.2,95561.5,95285.6,95433.275,0.048774335
2026-01-17 15:00:00,95428.459,95620.8105,95377.74,95516.765,0.02907842
2026-01-17 16:00:00,95546.695,95546.695,95198.9,95282.9,0.005531886
2026-01-17 17:00:00,95275.345,95439.6,95242.9845,95330.3,0.008881303
2026-01-17 18:00:00,95330.46,95460.531,95294.86,95401.05,0.001797921
2026-01-17 19:00:00,95370.865,95387.36,95212.54,95273.655,0.006219417
2026-01-17 20:00:00,95233.6,95407.701,95233.531,95316.36,0.007816442
2026-01-17 21:00:00,95350.2855,95377.126,95238.96,95261.9435,0.000193
2026-01-17 22:00:00,95268.885,95295.2,95004.9145,95130.587,0.000217896
2026-01-17 23:00:00,95112.625,95192.8,95030.07,95102.9,0.001028
2026-01-18 00:00:00,95134.8,95219.44,95039.675,95064.074,0.024484961
2026-01-18 01:00:00,95061.14,95061.14,94818.93,94906.075,0.000635
2026-01-18 02:00:00,94928.045,95057.6,94813.195,94972.402,0.020735994
2026-01-18 03:00:00,94990.7965,95175.06,94952.72,95175.06,0.003429
2026-01-18 04:00:00,95158.563,95164.03,94976.9,95059.466,0.012698582
2026-01-18 05:00:00,95002.132,95230.235,94972.92,95154.79,0.016122111
2026-01-18 06:00:00,95149.75,95202.5,95056.1,95136.789,0.001837983
2026-01-18 07:00:00,95138.521,95153.4,94943.5,95015.319,0.000336
2026-01-18 08:00:00,94988.904,95197.89,94943.88,95151.645,0.006505657
2026-01-18 09:00:00,95154.63,95274.275,95092.56,95224.65,0.015028557
2026-01-18 10:00:00,95239.4045,95257.5625,95023.74,95144.052,0.015383969
2026-01-18 11:00:00,95132.6175,95193.79,95020.05,95118.9195,0.006486632
2026-01-18 12:00:00,95129.07,95186.123,95007.018,95069.317,0.006097621
2026-01-18 13:00:00,95106.934,95178.795,94863.225,95091.26,0.000662
